<?xml version="1.0" encoding="UTF-8"?>
<metadata xml:lang="en"><Esri><CreaDate>20250205</CreaDate><CreaTime>20311500</CreaTime><ArcGISFormat>1.0</ArcGISFormat><SyncOnce>FALSE</SyncOnce><DataProperties><itemProps><itemName Sync="TRUE">Electric Poles</itemName><imsContentType Sync="TRUE">002</imsContentType><itemSize Sync="TRUE">0.000</itemSize><itemLocation><linkage Sync="TRUE">file://\\DESKTOP-R4PI8JR\C$\Users\Edumadze\Desktop\FINAL SHAPEFILES\NEW FINAL SHAPEFILES\Electric Poles.shp</linkage><protocol Sync="TRUE">Local Area Network</protocol></itemLocation></itemProps><coordRef><type Sync="TRUE">Projected</type><geogcsn Sync="TRUE">GCS_Accra</geogcsn><csUnits Sync="TRUE">Linear Unit: Foot_Gold_Coast (0.304800)</csUnits><projcsn Sync="TRUE">Accra_Ghana_Grid</projcsn><peXml Sync="TRUE">&lt;ProjectedCoordinateSystem xsi:type='typens:ProjectedCoordinateSystem' xmlns:xsi='http://www.w3.org/2001/XMLSchema-instance' xmlns:xs='http://www.w3.org/2001/XMLSchema' xmlns:typens='http://www.esri.com/schemas/ArcGIS/3.1.0'&gt;&lt;WKT&gt;PROJCS[&amp;quot;Accra_Ghana_Grid&amp;quot;,GEOGCS[&amp;quot;GCS_Accra&amp;quot;,DATUM[&amp;quot;D_Accra&amp;quot;,SPHEROID[&amp;quot;War_Office&amp;quot;,6378300.0,296.0]],PRIMEM[&amp;quot;Greenwich&amp;quot;,0.0],UNIT[&amp;quot;Degree&amp;quot;,0.0174532925199433]],PROJECTION[&amp;quot;Transverse_Mercator&amp;quot;],PARAMETER[&amp;quot;False_Easting&amp;quot;,900000.0],PARAMETER[&amp;quot;False_Northing&amp;quot;,0.0],PARAMETER[&amp;quot;Central_Meridian&amp;quot;,-1.0],PARAMETER[&amp;quot;Scale_Factor&amp;quot;,0.99975],PARAMETER[&amp;quot;Latitude_Of_Origin&amp;quot;,4.666666666666667],UNIT[&amp;quot;Foot_Gold_Coast&amp;quot;,0.3047997101815088],AUTHORITY[&amp;quot;EPSG&amp;quot;,2136]]&lt;/WKT&gt;&lt;XOrigin&gt;-17544600&lt;/XOrigin&gt;&lt;YOrigin&gt;-34500000&lt;/YOrigin&gt;&lt;XYScale&gt;137273687.14637971&lt;/XYScale&gt;&lt;ZOrigin&gt;-100000&lt;/ZOrigin&gt;&lt;ZScale&gt;10000&lt;/ZScale&gt;&lt;MOrigin&gt;-100000&lt;/MOrigin&gt;&lt;MScale&gt;10000&lt;/MScale&gt;&lt;XYTolerance&gt;0.0032808430145963661&lt;/XYTolerance&gt;&lt;ZTolerance&gt;0.001&lt;/ZTolerance&gt;&lt;MTolerance&gt;0.001&lt;/MTolerance&gt;&lt;HighPrecision&gt;true&lt;/HighPrecision&gt;&lt;WKID&gt;2136&lt;/WKID&gt;&lt;LatestWKID&gt;2136&lt;/LatestWKID&gt;&lt;/ProjectedCoordinateSystem&gt;</peXml></coordRef><lineage><Process ToolSource="c:\program files\arcgis\pro\Resources\ArcToolbox\toolboxes\Conversion Tools.tbx\ExportFeatures" Date="20250205" Time="203115">ExportFeatures "Electric Poles" "C:\Users\Edumadze\Desktop\FINAL SHAPEFILES\NEW FINAL SHAPEFILES\Electric Poles.shp" # NOT_USE_ALIAS "GlobalID "GlobalID" true true false 38 Text 0 0,First,#,Electric Poles,GlobalID,0,38;CreationDa "CreationDa" true true false 8 Date 0 0,First,#,Electric Poles,CreationDa,-1,-1;Creator "Creator" true true false 128 Text 0 0,First,#,Electric Poles,Creator,0,128;EditDate "EditDate" true true false 8 Date 0 0,First,#,Electric Poles,EditDate,-1,-1;Editor "Editor" true true false 128 Text 0 0,First,#,Electric Poles,Editor,0,128;Remarks "Remarks" true true false 254 Text 0 0,First,#,Electric Poles,Remarks,0,254;Other_Info "Other_Info" true true false 254 Text 0 0,First,#,Electric Poles,Other_Info,0,254;Other_In_1 "Other_In_1" true true false 254 Text 0 0,First,#,Electric Poles,Other_In_1,0,254;Usage1 "Usage1" true true false 254 Text 0 0,First,#,Electric Poles,Usage1,0,254;Owner "Owner" true true false 254 Text 0 0,First,#,Electric Poles,Owner,0,254;Name "Name" true true false 254 Text 0 0,First,#,Electric Poles,Name,0,254" #</Process></lineage></DataProperties><SyncDate>20250205</SyncDate><SyncTime>20311500</SyncTime><ModDate>20250205</ModDate><ModTime>20311500</ModTime></Esri><dataIdInfo><envirDesc Sync="TRUE">Microsoft Windows 10 Version 10.0 (Build 19045) ; Esri ArcGIS 13.1.0.41833</envirDesc><dataLang><languageCode value="eng" Sync="TRUE"></languageCode><countryCode value="USA" Sync="TRUE"></countryCode></dataLang><idCitation><resTitle Sync="TRUE">Electric Poles</resTitle><presForm><PresFormCd value="005" Sync="TRUE"></PresFormCd></presForm></idCitation><spatRpType><SpatRepTypCd value="001" Sync="TRUE"></SpatRepTypCd></spatRpType></dataIdInfo><mdLang><languageCode value="eng" Sync="TRUE"></languageCode><countryCode value="USA" Sync="TRUE"></countryCode></mdLang><mdChar><CharSetCd value="004" Sync="TRUE"></CharSetCd></mdChar><distInfo><distFormat><formatName Sync="TRUE">Shapefile</formatName></distFormat><distTranOps><transSize Sync="TRUE">0.000</transSize></distTranOps></distInfo><mdHrLv><ScopeCd value="005" Sync="TRUE"></ScopeCd></mdHrLv><mdHrLvName Sync="TRUE">dataset</mdHrLvName><refSysInfo><RefSystem><refSysID><identCode code="2136" Sync="TRUE"></identCode><idCodeSpace Sync="TRUE">EPSG</idCodeSpace><idVersion Sync="TRUE">5.1(8.1.2)</idVersion></refSysID></RefSystem></refSysInfo><spatRepInfo><VectSpatRep><geometObjs Name="Electric Poles"><geoObjTyp><GeoObjTypCd value="004" Sync="TRUE"></GeoObjTypCd></geoObjTyp><geoObjCnt Sync="TRUE">0</geoObjCnt></geometObjs><topLvl><TopoLevCd value="001" Sync="TRUE"></TopoLevCd></topLvl></VectSpatRep></spatRepInfo><spdoinfo><ptvctinf><esriterm Name="Electric Poles"><efeatyp Sync="TRUE">Simple</efeatyp><efeageom code="1" Sync="TRUE"></efeageom><esritopo Sync="TRUE">FALSE</esritopo><efeacnt Sync="TRUE">0</efeacnt><spindex Sync="TRUE">FALSE</spindex><linrefer Sync="TRUE">TRUE</linrefer></esriterm></ptvctinf></spdoinfo><eainfo><detailed Name="Electric Poles"><enttyp><enttypl Sync="TRUE">Electric Poles</enttypl><enttypt Sync="TRUE">Feature Class</enttypt><enttypc Sync="TRUE">0</enttypc></enttyp><attr><attrlabl Sync="TRUE">FID</attrlabl><attalias Sync="TRUE">FID</attalias><attrtype Sync="TRUE">OID</attrtype><attwidth Sync="TRUE">4</attwidth><atprecis Sync="TRUE">0</atprecis><attscale Sync="TRUE">0</attscale><attrdef Sync="TRUE">Internal feature number.</attrdef><attrdefs Sync="TRUE">Esri</attrdefs><attrdomv><udom Sync="TRUE">Sequential unique whole numbers that are automatically generated.</udom></attrdomv></attr><attr><attrlabl Sync="TRUE">Shape</attrlabl><attalias Sync="TRUE">Shape</attalias><attrtype Sync="TRUE">Geometry</attrtype><attwidth Sync="TRUE">0</attwidth><atprecis Sync="TRUE">0</atprecis><attscale Sync="TRUE">0</attscale><attrdef Sync="TRUE">Feature geometry.</attrdef><attrdefs Sync="TRUE">Esri</attrdefs><attrdomv><udom Sync="TRUE">Coordinates defining the features.</udom></attrdomv></attr><attr><attrlabl Sync="TRUE">GlobalID</attrlabl><attalias Sync="TRUE">GlobalID</attalias><attrtype Sync="TRUE">String</attrtype><attwidth Sync="TRUE">38</attwidth><atprecis Sync="TRUE">0</atprecis><attscale Sync="TRUE">0</attscale></attr><attr><attrlabl Sync="TRUE">CreationDa</attrlabl><attalias Sync="TRUE">CreationDa</attalias><attrtype Sync="TRUE">Date</attrtype><attwidth Sync="TRUE">8</attwidth><atprecis Sync="TRUE">0</atprecis><attscale Sync="TRUE">0</attscale></attr><attr><attrlabl Sync="TRUE">Creator</attrlabl><attalias Sync="TRUE">Creator</attalias><attrtype Sync="TRUE">String</attrtype><attwidth Sync="TRUE">128</attwidth><atprecis Sync="TRUE">0</atprecis><attscale Sync="TRUE">0</attscale></attr><attr><attrlabl Sync="TRUE">EditDate</attrlabl><attalias Sync="TRUE">EditDate</attalias><attrtype Sync="TRUE">Date</attrtype><attwidth Sync="TRUE">8</attwidth><atprecis Sync="TRUE">0</atprecis><attscale Sync="TRUE">0</attscale></attr><attr><attrlabl Sync="TRUE">Editor</attrlabl><attalias Sync="TRUE">Editor</attalias><attrtype Sync="TRUE">String</attrtype><attwidth Sync="TRUE">128</attwidth><atprecis Sync="TRUE">0</atprecis><attscale Sync="TRUE">0</attscale></attr><attr><attrlabl Sync="TRUE">Remarks</attrlabl><attalias Sync="TRUE">Remarks</attalias><attrtype Sync="TRUE">String</attrtype><attwidth Sync="TRUE">254</attwidth><atprecis Sync="TRUE">0</atprecis><attscale Sync="TRUE">0</attscale></attr><attr><attrlabl Sync="TRUE">Other_Info</attrlabl><attalias Sync="TRUE">Other_Info</attalias><attrtype Sync="TRUE">String</attrtype><attwidth Sync="TRUE">254</attwidth><atprecis Sync="TRUE">0</atprecis><attscale Sync="TRUE">0</attscale></attr><attr><attrlabl Sync="TRUE">Other_In_1</attrlabl><attalias Sync="TRUE">Other_In_1</attalias><attrtype Sync="TRUE">String</attrtype><attwidth Sync="TRUE">254</attwidth><atprecis Sync="TRUE">0</atprecis><attscale Sync="TRUE">0</attscale></attr><attr><attrlabl Sync="TRUE">Usage1</attrlabl><attalias Sync="TRUE">Usage1</attalias><attrtype Sync="TRUE">String</attrtype><attwidth Sync="TRUE">254</attwidth><atprecis Sync="TRUE">0</atprecis><attscale Sync="TRUE">0</attscale></attr><attr><attrlabl Sync="TRUE">Owner</attrlabl><attalias Sync="TRUE">Owner</attalias><attrtype Sync="TRUE">String</attrtype><attwidth Sync="TRUE">254</attwidth><atprecis Sync="TRUE">0</atprecis><attscale Sync="TRUE">0</attscale></attr><attr><attrlabl Sync="TRUE">Name</attrlabl><attalias Sync="TRUE">Name</attalias><attrtype Sync="TRUE">String</attrtype><attwidth Sync="TRUE">254</attwidth><atprecis Sync="TRUE">0</atprecis><attscale Sync="TRUE">0</attscale></attr></detailed></eainfo><mdDateSt Sync="TRUE">20250205</mdDateSt></metadata>
